id,image,text,source_name
324,images/000324.png,铁桥生锈,铁桥生锈.PNG
73,images/000073.png,地球和太阳,地球和太阳.PNG
314,images/000314.png,酸雨会破坏森林,酸雨会破坏森林.PNG
378,images/000378.png,乙烯与溴反应,乙烯与溴反应.png
214,images/000214.png,螺旋测微器,螺旋测微器.PNG
184,images/000184.png,聚丙烯制成的管道,聚丙烯制成的管道.PNG
149,images/000149.png,环境监测车,环境监测车.PNG
119,images/000119.png,光导纤维,光导纤维.PNG
9,images/000009.png,DNA复制的示意图,DNA复制的示意图.PNG
393,images/000393.png,原电池实验,原电池实验.PNG
101,images/000101.png,范德格拉夫起电机示意图,范德格拉夫起电机示意图.PNG
146,images/000146.png,化学反应吸热使烧杯与木片间的水凝结成冰,化学反应吸热使烧杯与木片间的水凝结成冰.PNG
336,images/000336.png,吴健雄在实验中,吴健雄在实验中.PNG
241,images/000241.png,脲醛塑料制成的电器开关,脲醛塑料制成的电器开关.PNG
383,images/000383.png,硬铝常用于制造飞机的外壳,硬铝常用于制造飞机的外壳.PNG
24,images/000024.png,氨溶于水的喷泉实验,氨溶于水的喷泉实验.PNG
220,images/000220.png,玫瑰葡萄,玫瑰葡萄.PNG
252,images/000252.png,普通棉,普通棉.PNG
201,images/000201.png,锂离子电池,锂离子电池.PNG
245,images/000245.png,农业社会人,农业社会人.PNG
128,images/000128.png,海豹,海豹.PNG
350,images/000350.png,向FeCl2溶液中滴入KSCN溶液,向FeCl2溶液中滴入KSCN溶液.PNG
227,images/000227.png,摩擦力测试,摩擦力测试.png
62,images/000062.png,待喷漆的汽车,待喷漆的汽车.PNG
20,images/000020.png,NaCl的形成示意图,NaCl的形成示意图.png
14,images/000014.png,Fe2O3可作外墙涂料,Fe2O3可作外墙涂料.PNG
150,images/000150.png,蝗虫产卵,蝗虫产卵.PNG
382,images/000382.png,萤火虫,萤火虫.PNG
164,images/000164.png,减数分裂Ⅰ中期,减数分裂Ⅰ中期.PNG
340,images/000340.png,洗衣机,洗衣机.PNG
335,images/000335.png,无人机,无人机.PNG
262,images/000262.png,切割钠,切割钠.PNG
287,images/000287.png,施莱登,施莱登.PNG
292,images/000292.png,石油加工及产品用途示意图,石油加工及产品用途示意图.PNG
299,images/000299.png,试验物质的导电性,试验物质的导电性.PNG
331,images/000331.png,我国科学家合成的酿酒酵母染色体模型,我国科学家合成的酿酒酵母染色体模型.PNG
276,images/000276.png,容量瓶,容量瓶.PNG
110,images/000110.png,高铁,高铁.PNG
327,images/000327.png,微波炉,微波炉.PNG
400,images/000400.png,战国时期的铁器——铁火盆,战国时期的铁器——铁火盆.PNG
84,images/000084.png,吊灯所受拉力示意图,吊灯所受拉力示意图.png
202,images/000202.png,锂离子电池组,锂离子电池组.PNG
250,images/000250.png,葡萄糖的银镜反应,葡萄糖的银镜反应.PNG
141,images/000141.png,胡克时代的显微镜,胡克时代的显微镜.PNG
363,images/000363.png,血红素分子,血红素分子.PNG
69,images/000069.png,蛋白质外壳,蛋白质外壳.PNG
55,images/000055.png,催化转化器,催化转化器.PNG
265,images/000265.png,秋千,秋千.PNG
28,images/000028.png,斑驴兽,斑驴兽.PNG
346,images/000346.png,下水井盖是由生铁铸造的,下水井盖是由生铁铸造的.PNG
90,images/000090.png,二 次 沉 淀 池,二 次 沉 淀 池.PNG
396,images/000396.png,月球上的脚印,月球上的脚印.PNG
206,images/000206.png,辽宁古果化石标本,辽宁古果化石标本.PNG
82,images/000082.png,电子显微镜下放大30万倍的碳纳米管,电子显微镜下放大30万倍的碳纳米管.PNG
126,images/000126.png,过山车,过山车.PNG
120,images/000120.png,光束通过溶液和胶体时的现象,光束通过溶液和胶体时的现象.PNG
316,images/000316.png,锁和钥匙,锁和钥匙.PNG
293,images/000293.png,时钟,时钟.PNG
322,images/000322.png,铁粉与水蒸气反应,铁粉与水蒸气反应.PNG
364,images/000364.png,血浆、组织液、淋巴液之间的关系示意图,血浆、组织液、淋巴液之间的关系示意图.PNG
388,images/000388.png,用台盼蓝染液染色后的死细胞和活细胞,用台盼蓝染液染色后的死细胞和活细胞.PNG
68,images/000068.png,蛋白质的变性,蛋白质的变性.png
228,images/000228.png,摩天轮,摩天轮.PNG
361,images/000361.png,许智宏,许智宏.PNG
415,images/000415.png,自由落体运动的实验装置,自由落体运动的实验装置.PNG
300,images/000300.png,噬菌体侵染细菌,噬菌体侵染细菌.PNG
147,images/000147.png,化学科研工作者,化学科研工作者.PNG
354,images/000354.png,向着光源生长的植物,向着光源生长的植物.PNG
392,images/000392.png,宇航员返航,宇航员返航.PNG
89,images/000089.png,短跑赛场,短跑赛场.PNG
51,images/000051.png,储藏细胞,储藏细胞.PNG
283,images/000283.png,神经系统基本结构示意图,神经系统基本结构示意图.PNG
249,images/000249.png,喷气式飞机的发动机叶片,喷气式飞机的发动机叶片.PNG
286,images/000286.png,狮虎兽,狮虎兽.PNG
175,images/000175.png,金属氧化物可以使玻璃呈现不同的颜色,金属氧化物可以使玻璃呈现不同的颜色.PNG
123,images/000123.png,硅太阳能电池,硅太阳能电池.PNG
200,images/000200.png,梨,梨.PNG
247,images/000247.png,浓硫酸与蔗糖反应,浓硫酸与蔗糖反应.png
263,images/000263.png,氢氧燃料电池汽车,氢氧燃料电池汽车.PNG
102,images/000102.png,飞驰的列车,飞驰的列车.PNG
34,images/000034.png,变形虫的胞吞和胞吐示意图,变形虫的胞吞和胞吐示意图.PNG
343,images/000343.png,细胞膜结构的电镜照片,细胞膜结构的电镜照片.PNG
186,images/000186.png,聚四氟乙烯制成的实验仪器,聚四氟乙烯制成的实验仪器.PNG
288,images/000288.png,施旺,施旺.PNG
398,images/000398.png,运动员踢足球,运动员踢足球.PNG
255,images/000255.png,曝气池,曝气池.PNG
243,images/000243.png,牛奶变质,牛奶变质.PNG
273,images/000273.png,人染色体的扫描电镜照片,人染色体的扫描电镜照片.PNG
365,images/000365.png,研究平抛运动的竖直分运动,研究平抛运动的竖直分运动.png
349,images/000349.png,线粒体的电镜照片,线粒体的电镜照片.PNG
112,images/000112.png,高压线屏蔽,高压线屏蔽.PNG
375,images/000375.png,乙酸的分子结构模型,乙酸的分子结构模型.PNG
29,images/000029.png,半导体芯片,半导体芯片.PNG
385,images/000385.png,用pH计测量水样的酸度,用pH计测量水样的酸度.PNG
397,images/000397.png,陨铁,陨铁.PNG
165,images/000165.png,减数分裂Ⅱ后期,减数分裂Ⅱ后期.PNG
326,images/000326.png,图书馆中分类陈列的图书,图书馆中分类陈列的图书.PNG
215,images/000215.png,绿色植物的光合作用,绿色植物的光合作用.PNG
192,images/000192.png,空间站,空间站.PNG
218,images/000218.png,满头白发的老人,满头白发的老人.PNG
374,images/000374.png,乙醇与钠反应,乙醇与钠反应.PNG
81,images/000081.png,电子点火器,电子点火器.PNG
113,images/000113.png,格栅间,格栅间.PNG
401,images/000401.png,长江三峡大坝,长江三峡大坝.PNG
45,images/000045.png,超轻海绵,超轻海绵.PNG
295,images/000295.png,食品包装中的脱氧剂,食品包装中的脱氧剂.PNG
274,images/000274.png,人体泌尿系统结构模式图,人体泌尿系统结构模式图.PNG
93,images/000093.png,发出绿色荧光的水母,发出绿色荧光的水母.PNG
384,images/000384.png,用C60作车轮的“纳米汽车,用C60作车轮的“纳米汽车”.PNG
211,images/000211.png,柳穿鱼的花,柳穿鱼的花.PNG
23,images/000023.png,爱因斯坦,爱因斯坦.PNG
74,images/000074.png,电池研发人员正在进行电池性能测试,电池研发人员正在进行电池性能测试.PNG
21,images/000021.png,T2噬菌体的模式图,T2噬菌体的模式图.PNG
411,images/000411.png,转基因鲤鱼（右）,转基因鲤鱼（右）.PNG
127,images/000127.png,哈雷彗星,哈雷彗星.PNG
159,images/000159.png,尖端放电,尖端放电.PNG
410,images/000410.png,智能机器人正在对快递物品进行分拣,智能机器人正在对快递物品进行分拣.PNG
360,images/000360.png,秀丽隐杆线虫,秀丽隐杆线虫.PNG
129,images/000129.png,航天器,航天器.PNG
412,images/000412.png,子弹射击木板,子弹射击木板.PNG
240,images/000240.png,念珠蓝细菌,念珠蓝细菌.PNG
176,images/000176.png,金丝猴,金丝猴.PNG
121,images/000121.png,光学显微镜下的原生质体,光学显微镜下的原生质体.PNG
238,images/000238.png,拟南芥细胞中的淀粉粒（染成蓝色，放大 200 倍）,拟南芥细胞中的淀粉粒（染成蓝色，放大 200 倍）.PNG
317,images/000317.png,太阳能热水器,太阳能热水器.PNG
409,images/000409.png,植物工厂,植物工厂.PNG
160,images/000160.png,歼20,歼20.PNG
86,images/000086.png,动力电池,动力电池.PNG
198,images/000198.png,冷冻电子显微镜,冷冻电子显微镜.PNG
173,images/000173.png,金花茶,金花茶.PNG
85,images/000085.png,顶端优势（左）及其解除（右）,顶端优势（左）及其解除（右）.PNG
267,images/000267.png,燃气灶,燃气灶.PNG
347,images/000347.png,现代人所做伽利略斜面实验的频闪照片（组合图）,现代人所做伽利略斜面实验的频闪照片（组合图）.png
407,images/000407.png,支原体结构模式图,支原体结构模式图.PNG
306,images/000306.png,水稻恶苗病植株（左）与正常植株（右）,水稻恶苗病植株（左）与正常植株（右）.PNG
408,images/000408.png,脂肪被苏丹Ⅲ染液染成橘黄色,脂肪被苏丹Ⅲ染液染成橘黄色.PNG
234,images/000234.png,钠在空气中燃烧,钠在空气中燃烧.PNG
6,images/000006.png,CT机,CT机.PNG
319,images/000319.png,糖果中使用了着色剂,糖果中使用了着色剂.PNG
244,images/000244.png,扭秤实验装置,扭秤实验装置.png
341,images/000341.png,细胞骨架,细胞骨架.PNG
107,images/000107.png,干燥的氯气使有色鲜花变色,干燥的氯气使有色鲜花变色.png
135,images/000135.png,黑色树干上的桦尺蛾,黑色树干上的桦尺蛾.PNG
369,images/000369.png,叶肉细胞,叶肉细胞.PNG
143,images/000143.png,滑梯,滑梯.PNG
321,images/000321.png,跳板跳水,跳板跳水.PNG
163,images/000163.png,减数分裂Ⅰ前期,减数分裂Ⅰ前期.PNG
269,images/000269.png,人的睾丸和精子示意图,人的睾丸和精子示意图.PNG
133,images/000133.png,赫氏近鸟龙化石及复原图,赫氏近鸟龙化石及复原图.PNG
153,images/000153.png,火山爆发,火山爆发.PNG
209,images/000209.png,硫的晶体,硫的晶体.PNG
46,images/000046.png,撑竿跳,撑竿跳.PNG
279,images/000279.png,赛龙舟,赛龙舟.PNG
138,images/000138.png,红绿色盲检查图,红绿色盲检查图.PNG
190,images/000190.png,科研人员培育出的人工心脏（红色为心肌细胞，绿色环是一类结缔组织）,科研人员培育出的人工心脏（红色为心肌细胞，绿色环是一类结缔组织）.PNG
208,images/000208.png,磷脂分子,磷脂分子.PNG
50,images/000050.png,初次沉淀池,初次沉淀池.PNG
226,images/000226.png,模拟平行金属板电场线的分布,模拟平行金属板电场线的分布.PNG
75,images/000075.png,电磁打点计时器,电磁打点计时器.PNG
13,images/000013.png,Fe2+被氧化,Fe2+被氧化.PNG
402,images/000402.png,长颈鹿的适应性特征示意图,长颈鹿的适应性特征示意图.PNG
338,images/000338.png,物质的量为1 mol的几种物质,物质的量为1 mol的几种物质.PNG
188,images/000188.png,开普勒（Johannes Kepler，1571—1630）,开普勒（Johannes Kepler，1571—1630）.png
98,images/000098.png,法拉第的圆盘发电机,法拉第的圆盘发电机.PNG
334,images/000334.png,我国研制的燃料电池和超级电容混合动力有轨电车,我国研制的燃料电池和超级电容混合动力有轨电车.PNG
179,images/000179.png,静电除尘原理,静电除尘原理.png
345,images/000345.png,细胞直接与内环境进行物质交换（箭头代表物质运输方向）,细胞直接与内环境进行物质交换（箭头代表物质运输方向）.PNG
318,images/000318.png,唐氏综合征患者的染色体组成,唐氏综合征患者的染色体组成.PNG
264,images/000264.png,晴朗的夜空繁星闪烁,晴朗的夜空繁星闪烁.PNG
170,images/000170.png,酵母菌的电镜照片,酵母菌的电镜照片.PNG
114,images/000114.png,拱桥,拱桥.PNG
132,images/000132.png,核苷酸连接而成的长链,核苷酸连接而成的长链.PNG
79,images/000079.png,电容器,电容器.PNG
64,images/000064.png,单晶硅,单晶硅.PNG
83,images/000083.png,淀粉与碘反应,淀粉与碘反应.PNG
303,images/000303.png,树林中的丁达尔效应,树林中的丁达尔效应.PNG
48,images/000048.png,池塘中的水华,池塘中的水华.PNG
386,images/000386.png,用不锈钢制造的地铁列车的车体,用不锈钢制造的地铁列车的车体.PNG
387,images/000387.png,用手机中的传感器测量手腕的向心加速度,用手机中的传感器测量手腕的向心加速度.PNG
57,images/000057.png,大肠杆菌透射电镜照片（放大 12 000 倍）,大肠杆菌透射电镜照片（放大 12 000 倍）.PNG
39,images/000039.png,不锈钢餐具,不锈钢餐具.PNG
11,images/000011.png,Fe(OH)3,Fe(OH)3  .PNG
373,images/000373.png,乙醇的分子结构模型,乙醇的分子结构模型.PNG
270,images/000270.png,人类X染色体,人类X染色体.PNG
37,images/000037.png,冰湖,冰湖.PNG
109,images/000109.png,钢铁的锈蚀,钢铁的锈蚀.PNG
271,images/000271.png,人类Y染色体,人类Y染色体.PNG
191,images/000191.png,可变电容器,可变电容器.PNG
38,images/000038.png,冰滑,冰滑.PNG
137,images/000137.png,红绿灯,红绿灯.PNG
100,images/000100.png,法拉第用过的线圈,法拉第用过的线圈 .PNG
308,images/000308.png,水果电池,水果电池.PNG
156,images/000156.png,甲状腺滤泡上皮细胞,甲状腺滤泡上皮细胞.PNG
339,images/000339.png,西藏杓兰,西藏杓兰.PNG
235,images/000235.png,耐高温的碳化硅陶瓷轴承,耐高温的碳化硅陶瓷轴承.PNG
251,images/000251.png,葡萄糖与氢氧化铜反应,葡萄糖与氢氧化铜反应.PNG
333,images/000333.png,我国南海可燃冰试开采成功,我国南海可燃冰试开采成功.PNG
309,images/000309.png,水华,水华.PNG
117,images/000117.png,顾氏小盗龙化石,顾氏小盗龙化石.PNG
311,images/000311.png,水毛茛,水毛茛.PNG
195,images/000195.png,勒夏特列,勒夏特列.PNG
180,images/000180.png,静电复印的工作流程,静电复印的工作流程.png
353,images/000353.png,向醋酸中滴加碳酸钠溶液,向醋酸中滴加碳酸钠溶液.PNG
217,images/000217.png,马拉松跑者,马拉松跑者.PNG
196,images/000196.png,雷电,雷电.PNG
161,images/000161.png,减数分裂Ⅰ后期,减数分裂Ⅰ后期.PNG
183,images/000183.png,聚苯乙烯制成的泡沫包装材料,聚苯乙烯制成的泡沫包装材料.PNG
168,images/000168.png,简易电池,简易电池.PNG
301,images/000301.png,收音机,收音机.PNG
390,images/000390.png,有机玻璃制成的飞机风挡,有机玻璃制成的飞机风挡.PNG
136,images/000136.png,黑藻的叶绿体,黑藻的叶绿体.PNG
362,images/000362.png,旋转木马,旋转木马.PNG
258,images/000258.png,汽车行驶在公路上,汽车行驶在公路上.PNG
60,images/000060.png,大象,大象.PNG
41,images/000041.png,测量手臂到指尖的长度,测量手臂到指尖的长度.PNG
256,images/000256.png,汽车受驱动力的示意图,汽车受驱动力的示意图.png
193,images/000193.png,枯叶蝶和翅色艳丽的蝴蝶,枯叶蝶和翅色艳丽的蝴蝶.PNG
54,images/000054.png,川金丝猴,川金丝猴.PNG
177,images/000177.png,茎向上生长,茎向上生长.PNG
116,images/000116.png,固定电容器,固定电容器.PNG
257,images/000257.png,汽车速度计,汽车速度计.PNG
371,images/000371.png,胰岛,胰岛.PNG
167,images/000167.png,减数分裂Ⅱ中期,减数分裂Ⅱ中期.PNG
185,images/000185.png,聚氯乙烯可制成电线外面的绝缘层,聚氯乙烯可制成电线外面的绝缘层.PNG
213,images/000213.png,骡,骡.PNG
140,images/000140.png,胡克绘制的木栓细胞图,胡克绘制的木栓细胞图.PNG
330,images/000330.png,我国古代烧制的精美瓷器,我国古代烧制的精美瓷器.PNG
272,images/000272.png,人胚胎发育早期,人胚胎发育早期.PNG
40,images/000040.png,槽码牵引小车运动,槽码牵引小车运动.png
261,images/000261.png,枪乌贼,枪乌贼.PNG
381,images/000381.png,荧光树,荧光树.PNG
281,images/000281.png,沙漏,沙漏.PNG
30,images/000030.png,爆炸,爆炸.PNG
94,images/000094.png,发酵生产葡萄酒的车间,发酵生产葡萄酒的车间.PNG
139,images/000139.png,侯德榜雕像,侯德榜雕像.PNG
406,images/000406.png,正常白细胞（,正常白细胞（.PNG
171,images/000171.png,酵母菌剪接体冷冻电镜三维结构示意图,酵母菌剪接体冷冻电镜三维结构示意图.png
224,images/000224.png,猕猴,猕猴.PNG
44,images/000044.png,超导陶瓷可应用于磁悬浮技术,超导陶瓷可应用于磁悬浮技术.PNG
1,images/000001.png,香蕉球”示意图,“香蕉球”示意图.PNG
26,images/000026.png,氨与氯化氢反应,氨与氯化氢反应.PNG
32,images/000032.png,比萨斜塔,比萨斜塔.PNG
197,images/000197.png,类风湿关节炎患者（示手部关节，左：正常，右：畸形）,类风湿关节炎患者（示手部关节，左：正常，右：畸形）.PNG
280,images/000280.png,色球蓝细菌,色球蓝细菌.PNG
134,images/000134.png,褐花杓兰,褐花杓兰.PNG
115,images/000115.png,古细菌化石,古细菌化石.PNG
239,images/000239.png,年轮,年轮.PNG
87,images/000087.png,动物脂肪细胞中储存的脂肪,动物脂肪细胞中储存的脂肪.PNG
111,images/000111.png,高压输电线,高压输电线.PNG
221,images/000221.png,煤炭燃烧造成环境污染,煤炭燃烧造成环境污染.PNG
99,images/000099.png,法拉第用过的线圈 (2),法拉第用过的线圈 (2).PNG
359,images/000359.png,心脏除颤器,心脏除颤器.PNG
342,images/000342.png,细胞核结构模式图,细胞核结构模式图.PNG
181,images/000181.png,静电现象,静电现象.PNG
380,images/000380.png,印刷电路板,印刷电路板.PNG
328,images/000328.png,维萨里解剖工作图,维萨里解剖工作图.PNG
76,images/000076.png,电解精炼铜车间,电解精炼铜车间.PNG
266,images/000266.png,燃料的燃烧,燃料的燃烧.PNG
229,images/000229.png,某海岛上残翅和无翅的昆虫,某海岛上残翅和无翅的昆虫.PNG
394,images/000394.png,原始社会人,原始社会人.PNG
332,images/000332.png,我国科学家屠呦呦因青蒿素的研究获得2015年诺贝尔生理学或医学奖,我国科学家屠呦呦因青蒿素的研究获得2015年诺贝尔生理学或医学奖.PNG
259,images/000259.png,汽车用铅酸蓄电池,汽车用铅酸蓄电池.PNG
246,images/000246.png,浓硫酸与铜反应,浓硫酸与铜反应.png
395,images/000395.png,原子钟,原子钟.PNG
323,images/000323.png,铁强化酱油,铁强化酱油.PNG
49,images/000049.png,充电宝给手机充电,充电宝给手机充电.PNG
80,images/000080.png,电子层模型示意图,电子层模型示意图.PNG
315,images/000315.png,缩手反射示意图,缩手反射示意图.PNG
169,images/000169.png,将铝片放入NaOH溶液中,将铝片放入NaOH溶液中.PNG
289,images/000289.png,施一公,施一公.PNG
148,images/000148.png,环境保护工程师正在进行环境监测,环境保护工程师正在进行环境监测.PNG
77,images/000077.png,电热水壶,电热水壶.PNG
231,images/000231.png,木星,木星.PNG
254,images/000254.png,曝气沉砂池,曝气沉砂池.PNG
66,images/000066.png,弹簧拉力示意图,弹簧拉力示意图.png
248,images/000248.png,配制一定物质的量浓度的NaCl溶液过程示意图,配制一定物质的量浓度的NaCl溶液过程示意图.png
377,images/000377.png,乙烯与高锰酸钾反应,乙烯与高锰酸钾反应.png
291,images/000291.png,石油加工及产品用途示意图 - 副本,石油加工及产品用途示意图 - 副本.PNG
3,images/000003.png,Ag2S,Ag2S.PNG
370,images/000370.png,一种叶绿素分子,一种叶绿素分子.PNG
391,images/000391.png,有氧呼吸过程示意图,有氧呼吸过程示意图.PNG
368,images/000368.png,阳光穿过三棱镜,阳光穿过三棱镜.PNG
91,images/000091.png,二氧化硫的漂白作用,二氧化硫的漂白作用.png
31,images/000031.png,北京自然博物馆的恐龙模型,北京自然博物馆的恐龙模型.PNG
35,images/000035.png,标枪,标枪.PNG
285,images/000285.png,狮,狮.PNG
27,images/000027.png,白色菊花,白色菊花.PNG
122,images/000122.png,硅晶片是生产芯片的基础材料,硅晶片是生产芯片的基础材料.PNG
344,images/000344.png,细胞培养,细胞培养.PNG
63,images/000063.png,丹霞地貌的岩层因含Fe2O3而呈红色,丹霞地貌的岩层因含Fe2O3而呈红色.PNG
337,images/000337.png,武当山金殿,武当山金殿.PNG
356,images/000356.png,小球做平抛运动的频闪照片,小球做平抛运动的频闪照片.png
65,images/000065.png,弹簧和手受力示意图,弹簧和手受力示意图.png
297,images/000297.png,食蚁兽,食蚁兽.PNG
275,images/000275.png,人体内的免疫器官示意图,人体内的免疫器官示意图.PNG
103,images/000103.png,飞机919,飞机919.PNG
8,images/000008.png,DNA雕塑,DNA雕塑.PNG
194,images/000194.png,库仑（Charles-Augustin Coulomb，1736—1806）,库仑（Charles-Augustin Coulomb，1736—1806）.png
296,images/000296.png,食物的腐败,食物的腐败.PNG
166,images/000166.png,减数分裂Ⅱ末期,减数分裂Ⅱ末期.PNG
88,images/000088.png,端粒的显微照片（图中染色体为红色，黄色荧光显示染色体两端的端粒）,端粒的显微照片（图中染色体为红色，黄色荧光显示染色体两端的端粒）.PNG
413,images/000413.png,自行车传动装置,自行车传动装置.PNG
204,images/000204.png,镰状红细胞,镰状红细胞.PNG
233,images/000233.png,钠与水反应,钠与水反应.PNG
302,images/000302.png,首钢炼铁高炉,首钢炼铁高炉.PNG
157,images/000157.png,钾离子通道模式图,钾离子通道模式图.PNG
182,images/000182.png,巨石阵,巨石阵.PNG
67,images/000067.png,弹簧形变实验装置,弹簧形变实验装置.png
42,images/000042.png,测试工程师在工作,测试工程师在工作.PNG
329,images/000329.png,魏尔肖在讲演,魏尔肖在讲演.PNG
242,images/000242.png,牛顿（Isaac Newton，1643—1727）,牛顿（Isaac Newton，1643—1727）.png
104,images/000104.png,肥胖症,肥胖症.PNG
142,images/000142.png,虎,虎.PNG
33,images/000033.png,避雷针,避雷针.PNG
414,images/000414.png,自行车过弯,自行车过弯.PNG
357,images/000357.png,斜面上物体受力示意图,斜面上物体受力示意图.png
366,images/000366.png,演示电磁波发射与接收的装置,演示电磁波发射与接收的装置.PNG
305,images/000305.png,甩手轨迹图,甩手轨迹图.PNG
376,images/000376.png,乙烯的分子结构模型,乙烯的分子结构模型.PNG
7,images/000007.png,DNA 指纹检测,DNA 指纹检测.PNG
236,images/000236.png,南仁东,南仁东.PNG
189,images/000189.png,抗虫棉,抗虫棉.PNG
294,images/000294.png,实验室中制取氯气的装置示意图,实验室中制取氯气的装置示意图.png
97,images/000097.png,法拉第（Michael Faraday，179—1867）,法拉第（Michael Faraday，179—1867）.png
131,images/000131.png,航天员在天宫一号目标飞行器上展示水球的实验,航天员在天宫一号目标飞行器上展示水球的实验.PNG
174,images/000174.png,金属的焰色试验,金属的焰色试验.png
260,images/000260.png,汽车在沙滩冲刺,汽车在沙滩冲刺.PNG
144,images/000144.png,滑雪者沿斜面下滑,滑雪者沿斜面下滑.PNG
47,images/000047.png,成熟的植物细胞模式图,成熟的植物细胞模式图.PNG
124,images/000124.png,硅原子,硅原子.PNG
399,images/000399.png,在水中形成的磷脂双分子层模式图,在水中形成的磷脂双分子层模式图.PNG
404,images/000404.png,赵忠贤,赵忠贤.PNG
125,images/000125.png,果蝇DNA的电镜照片,果蝇DNA的电镜照片.PNG
155,images/000155.png,加热NaHCO3或Na2CO3,加热NaHCO3或Na2CO3.png
312,images/000312.png,水母,水母.PNG
307,images/000307.png,水分子之间靠氢键结合示意图,水分子之间靠氢键结合示意图.PNG
12,images/000012.png,Fe(OH)3,Fe(OH)3.PNG
222,images/000222.png,门捷列夫,门捷列夫.PNG
22,images/000022.png,癌细胞的扫描电镜照片,癌细胞的扫描电镜照片.PNG
379,images/000379.png,以DNA为模板转录RNA的示意图,以DNA为模板转录RNA的示意图.PNG
348,images/000348.png,现代社会人,现代社会人.PNG
367,images/000367.png,羊水检查示意图,羊水检查示意图.PNG
4,images/000004.png,AgCl,AgCl.PNG
172,images/000172.png,节日烟花,节日烟花.PNG
178,images/000178.png,经组织培养得到的微型观赏株,经组织培养得到的微型观赏株.PNG
152,images/000152.png,火箭发射,火箭发射.PNG
389,images/000389.png,游标卡尺,游标卡尺.PNG
355,images/000355.png,硝酸与铜反应,硝酸与铜反应.png
162,images/000162.png,减数分裂Ⅰ末期,减数分裂Ⅰ末期.PNG
352,images/000352.png,向KI溶液中加入溴水,向KI溶液中加入溴水.PNG
358,images/000358.png,泄洪,泄洪.PNG
25,images/000025.png,氨氧化法制硝酸使用的网状铂-钯-铑合金催化剂,氨氧化法制硝酸使用的网状铂-钯-铑合金催化剂.PNG
95,images/000095.png,发芽的大麦,发芽的大麦.PNG
403,images/000403.png,长满地衣的树干上的桦尺蛾,长满地衣的树干上的桦尺蛾.PNG
5,images/000005.png,AgI,AgI.PNG
78,images/000078.png,电热水器,电热水器.PNG
225,images/000225.png,模拟电场线,模拟电场线.PNG
253,images/000253.png,瀑布,瀑布.PNG
151,images/000151.png,火车在轨道上,火车在轨道上.PNG
372,images/000372.png,乙醇的催化氧化,乙醇的催化氧化.PNG
187,images/000187.png,聚乙烯制成的食品包装袋,聚乙烯制成的食品包装袋.PNG
219,images/000219.png,玫瑰,玫瑰.PNG
17,images/000017.png,KBr溶液 + 氯水,KBr溶液 + 氯水.PNG
53,images/000053.png,储氢合金,储氢合金.PNG
237,images/000237.png,霓虹灯都市,霓虹灯都市.PNG
106,images/000106.png,伽利略在做铜球沿斜面运动的实验（油画）,伽利略在做铜球沿斜面运动的实验（油画）.PNG
284,images/000284.png,神经元结构示意图,神经元结构示意图.PNG
92,images/000092.png,二氧化硫溶于水,二氧化硫溶于水.PNG
43,images/000043.png,颤蓝细菌,颤蓝细菌.PNG
232,images/000232.png,钠保存在石蜡油或煤油中,钠保存在石蜡油或煤油中.PNG
290,images/000290.png,石油化工原料,石油化工原料.PNG
19,images/000019.png,Mg(OH)2,Mg(OH)2.PNG
10,images/000010.png,Fe(OH)2,Fe(OH)2.PNG
56,images/000056.png,大肠杆菌扫描电镜照片（放大 10 000 倍）,大肠杆菌扫描电镜照片（放大 10 000 倍）.PNG
145,images/000145.png,化工工程师通过观察仪表参数监控化工生产过程,化工工程师通过观察仪表参数监控化工生产过程.PNG
282,images/000282.png,舍勒,舍勒.PNG
304,images/000304.png,数字式多用电表,数字式多用电表.PNG
203,images/000203.png,痢疾内变形虫吞噬人体细胞,痢疾内变形虫吞噬人体细胞.PNG
2,images/000002.png,《物种起源》,《物种起源》.PNG
313,images/000313.png,水桶所受拉力示意图,水桶所受拉力示意图.png
223,images/000223.png,门捷列夫编制的第一张元素周期表（手稿）,门捷列夫编制的第一张元素周期表（手稿）.PNG
118,images/000118.png,观察微小形变示意图,观察微小形变示意图.png
16,images/000016.png,H2在Cl2中燃烧,H2在Cl2中燃烧.png
72,images/000072.png,地球和人造卫星受力示意图,地球和人造卫星受力示意图.png
199,images/000199.png,离子交换膜电解槽,离子交换膜电解槽.PNG
268,images/000268.png,染色体、蛋白质和DNA示意图,染色体、蛋白质和DNA示意图.PNG
351,images/000351.png,向FeCl3溶液中滴入KSCN溶液,向FeCl3溶液中滴入KSCN溶液.PNG
58,images/000058.png,大脑图像,大脑图像.PNG
277,images/000277.png,溶洞形成,溶洞形成.PNG
18,images/000018.png,KI溶液 + 氯水,KI溶液 + 氯水.PNG
212,images/000212.png,芦花鸡,芦花鸡.PNG
320,images/000320.png,天然气灶,天然气灶.PNG
416,images/000416.png,足球比赛,足球比赛.PNG
36,images/000036.png,表皮细胞,表皮细胞.PNG
61,images/000061.png,大熊猫吃冷箭竹,大熊猫吃冷箭竹.PNG
158,images/000158.png,钾在空气中燃烧,钾在空气中燃烧.PNG
230,images/000230.png,某种兰花和专门给它传粉的蛾,某种兰花和专门给它传粉的蛾.PNG
325,images/000325.png,投篮,投篮.PNG
15,images/000015.png,Fe3+被还原,Fe3+被还原.PNG
207,images/000207.png,猎豹追捕羚羊,猎豹追捕羚羊.PNG
405,images/000405.png,珍爱生命，拒绝毒品,珍爱生命，拒绝毒品.PNG
154,images/000154.png,几丁质是外骨骼的重要组成成分,几丁质是外骨骼的重要组成成分.PNG
130,images/000130.png,航天员穿的航天服,航天员穿的航天服.PNG
205,images/000205.png,链条和齿轮,链条和齿轮.PNG
105,images/000105.png,风力发电机,风力发电机.PNG
96,images/000096.png,发芽的玉米粒,发芽的玉米粒.PNG
310,images/000310.png,水龙头,水龙头.PNG
71,images/000071.png,地球,地球.PNG
210,images/000210.png,硫粉,硫粉.PNG
298,images/000298.png,使用电火花计时器,使用电火花计时器.PNG
108,images/000108.png,钢水注入干燥的模具,钢水注入干燥的模具.PNG
70,images/000070.png,地层中有大量化石的示意图,地层中有大量化石的示意图.PNG
216,images/000216.png,氯化铜溶液的电解装置示意图,氯化铜溶液的电解装置示意图.png
52,images/000052.png,储存液氯的钢瓶,储存液氯的钢瓶.PNG
59,images/000059.png,大气环境和水环境监测,大气环境和水环境监测.PNG
278,images/000278.png,软骨发育不全的患儿,软骨发育不全的患儿.PNG
